Domain Code,Domain,Area Code (M49),Area,Element Code,Element,Item Code (CPC),Item,Year Code,Year,Unit,Value,Flag,Flag Description
"TCL","Crops and livestock products","646","Rwanda","5622","Import Value","01371","Almonds, in shell","2021","2021","1000 US$","0","A","Official figure"
"TCL","Crops and livestock products","646","Rwanda","5622","Import Value","21422","Almonds, shelled","2021","2021","1000 US$","6","A","Official figure"
"TCL","Crops and livestock products","646","Rwanda","5622","Import Value","21529.03","Animal oils and fats n.e.c.","2021","2021","1000 US$","0","A","Official figure"
"TCL","Crops and livestock products","646","Rwanda","5622","Import Value","34550","Animal or vegetable fats and oils and their fractions, chemically modified, except those hydrogenated, inter-esterified, re-esterified or elaidinized; inedible mixtures or preparations of animal or vegetable fats or oils","2021","2021","1000 US$","12","A","Official figure"
"TCL","Crops and livestock products","646","Rwanda","5622","Import Value","01654","Anise, badian, coriander, cumin, caraway, fennel and juniper berries, raw","2021","2021","1000 US$","18","A","Official figure"
"TCL","Crops and livestock products","646","Rwanda","5622","Import Value","21435.01","Apple juice","2021","2021","1000 US$","399","A","Official figure"
"TCL","Crops and livestock products","646","Rwanda","5622","Import Value","01341","Apples","2021","2021","1000 US$","935","A","Official figure"
"TCL","Crops and livestock products","646","Rwanda","5622","Import Value","21419.01","Apricots, dried","2021","2021","1000 US$","1","A","Official figure"
"TCL","Crops and livestock products","646","Rwanda","5622","Import Value","01379.01","Areca nuts","2021","2021","1000 US$","1","A","Official figure"
"TCL","Crops and livestock products","646","Rwanda","5622","Import Value","03211","Balata, gutta-percha, guayule, chicle and similar natural gums in primary forms or in plates, sheets or strip","2021","2021","1000 US$","3","A","Official figure"
"TCL","Crops and livestock products","646","Rwanda","5622","Import Value","01312","Bananas","2021","2021","1000 US$","4","A","Official figure"
"TCL","Crops and livestock products","646","Rwanda","5622","Import Value","0115","Barley","2021","2021","1000 US$","0","A","Official figure"
"TCL","Crops and livestock products","646","Rwanda","5622","Import Value","01701","Beans, dry","2021","2021","1000 US$","1372","A","Official figure"
"TCL","Crops and livestock products","646","Rwanda","5622","Import Value","F0875","beef and veal preparations nes","2021","2021","1000 US$","461","A","Official figure"
"TCL","Crops and livestock products","646","Rwanda","5622","Import Value","24310.01","Beer of barley, malted","2021","2021","1000 US$","4217","A","Official figure"
"TCL","Crops and livestock products","646","Rwanda","5622","Import Value","02960.01","Beeswax","2021","2021","1000 US$","6","A","Official figure"
"TCL","Crops and livestock products","646","Rwanda","5622","Import Value","39149.01","Beet pulp","2021","2021","1000 US$","0","A","Official figure"
"TCL","Crops and livestock products","646","Rwanda","5622","Import Value","39120.13","Bran of cereals n.e.c.","2021","2021","1000 US$","1407","A","Official figure"
"TCL","Crops and livestock products","646","Rwanda","5622","Import Value","39120.04","Bran of maize","2021","2021","1000 US$","62","A","Official figure"
"TCL","Crops and livestock products","646","Rwanda","5622","Import Value","39120.01","Bran of wheat","2021","2021","1000 US$","0","A","Official figure"
"TCL","Crops and livestock products","646","Rwanda","5622","Import Value","01377","Brazil nuts, in shell","2021","2021","1000 US$","0","A","Official figure"
"TCL","Crops and livestock products","646","Rwanda","5622","Import Value","21429.01","Brazil nuts, shelled","2021","2021","1000 US$","0","A","Official figure"
"TCL","Crops and livestock products","646","Rwanda","5622","Import Value","F0020","Bread","2021","2021","1000 US$","62","A","Official figure"
"TCL","Crops and livestock products","646","Rwanda","5622","Import Value","23140.03","Breakfast cereals","2021","2021","1000 US$","523","A","Official figure"
"TCL","Crops and livestock products","646","Rwanda","5622","Import Value","01702","Broad beans and horse beans, dry","2021","2021","1000 US$","0","A","Official figure"
"TCL","Crops and livestock products","646","Rwanda","5622","Import Value","22241.01","Butter of cow milk","2021","2021","1000 US$","107","A","Official figure"
"TCL","Crops and livestock products","646","Rwanda","5622","Import Value","22230.03","Buttermilk, curdled and acidified milk","2021","2021","1000 US$","21","A","Official figure"
"TCL","Crops and livestock products","646","Rwanda","5622","Import Value","01212","Cabbages","2021","2021","1000 US$","0","A","Official figure"
"TCL","Crops and livestock products","646","Rwanda","5622","Import Value","21910.03","Cake of  soya beans","2021","2021","1000 US$","7202","A","Official figure"
"TCL","Crops and livestock products","646","Rwanda","5622","Import Value","21910.15","Cake of cottonseed","2021","2021","1000 US$","781","A","Official figure"
"TCL","Crops and livestock products","646","Rwanda","5622","Import Value","21910.06","Cake of palm kernel","2021","2021","1000 US$","48","A","Official figure"
"TCL","Crops and livestock products","646","Rwanda","5622","Import Value","21910.07","Cake of sunflower seed","2021","2021","1000 US$","1272","A","Official figure"
"TCL","Crops and livestock products","646","Rwanda","5622","Import Value","21910.90","Cake, oilseeds nes","2021","2021","1000 US$","39","A","Official figure"
"TCL","Crops and livestock products","646","Rwanda","5622","Import Value","23511.02","Cane sugar, non-centrifugal","2021","2021","1000 US$","5","A","Official figure"
"TCL","Crops and livestock products","646","Rwanda","5622","Import Value","21397.01","Canned mushrooms","2021","2021","1000 US$","46","A","Official figure"
"TCL","Crops and livestock products","646","Rwanda","5622","Import Value","01372","Cashew nuts, in shell","2021","2021","1000 US$","1","A","Official figure"
"TCL","Crops and livestock products","646","Rwanda","5622","Import Value","21424","Cashew nuts, shelled","2021","2021","1000 US$","71","A","Official figure"
"TCL","Crops and livestock products","646","Rwanda","5622","Import Value","01520.02","Cassava, dry","2021","2021","1000 US$","12106","A","Official figure"
"TCL","Crops and livestock products","646","Rwanda","5622","Import Value","23140.08","Cereal preparations","2021","2021","1000 US$","11","A","Official figure"
"TCL","Crops and livestock products","646","Rwanda","5622","Import Value","01199.90","Cereals n.e.c.","2021","2021","1000 US$","1","A","Official figure"
"TCL","Crops and livestock products","646","Rwanda","5622","Import Value","22251.01","Cheese from whole cow milk","2021","2021","1000 US$","188","A","Official figure"
"TCL","Crops and livestock products","646","Rwanda","5622","Import Value","01373","Chestnuts, in shell","2021","2021","1000 US$","0","A","Official figure"
"TCL","Crops and livestock products","646","Rwanda","5622","Import Value","01703","Chick peas, dry","2021","2021","1000 US$","17","A","Official figure"
"TCL","Crops and livestock products","646","Rwanda","5622","Import Value","02151","Chickens","2021","2021","1000 US$","704","A","Official figure"
"TCL","Crops and livestock products","646","Rwanda","5622","Import Value","01652","Chillies and peppers, dry (Capsicum spp., Pimenta spp.), raw","2021","2021","1000 US$","30","A","Official figure"
"TCL","Crops and livestock products","646","Rwanda","5622","Import Value","01231","Chillies and peppers, green (Capsicum spp. and Pimenta spp.)","2021","2021","1000 US$","0","A","Official figure"
"TCL","Crops and livestock products","646","Rwanda","5622","Import Value","F0666","Chocolate products nes","2021","2021","1000 US$","1008","A","Official figure"
"TCL","Crops and livestock products","646","Rwanda","5622","Import Value","24230.03","Cider and other fermented beverages","2021","2021","1000 US$","389","A","Official figure"
"TCL","Crops and livestock products","646","Rwanda","5622","Import Value","25020.01","Cigarettes","2021","2021","1000 US$","3400","A","Official figure"
"TCL","Crops and livestock products","646","Rwanda","5622","Import Value","25020.02","Cigars and cheroots","2021","2021","1000 US$","0","A","Official figure"
"TCL","Crops and livestock products","646","Rwanda","5622","Import Value","01655","Cinnamon and cinnamon-tree flowers, raw","2021","2021","1000 US$","26","A","Official figure"
"TCL","Crops and livestock products","646","Rwanda","5622","Import Value","01656","Cloves (whole stems), raw","2021","2021","1000 US$","4","A","Official figure"
"TCL","Crops and livestock products","646","Rwanda","5622","Import Value","01640","Cocoa beans","2021","2021","1000 US$","0","A","Official figure"
"TCL","Crops and livestock products","646","Rwanda","5622","Import Value","23620","Cocoa butter, fat and oil","2021","2021","1000 US$","1","A","Official figure"
"TCL","Crops and livestock products","646","Rwanda","5622","Import Value","F0665","Cocoa powder and cake","2021","2021","1000 US$","48","A","Official figure"
"TCL","Crops and livestock products","646","Rwanda","5622","Import Value","2166","Coconut oil","2021","2021","1000 US$","62","A","Official figure"
"TCL","Crops and livestock products","646","Rwanda","5622","Import Value","21429.07","Coconuts, desiccated","2021","2021","1000 US$","5","A","Official figure"
"TCL","Crops and livestock products","646","Rwanda","5622","Import Value","01460","Coconuts, in shell","2021","2021","1000 US$","14","A","Official figure"
"TCL","Crops and livestock products","646","Rwanda","5622","Import Value","23912.02","Coffee extracts","2021","2021","1000 US$","223","A","Official figure"
"TCL","Crops and livestock products","646","Rwanda","5622","Import Value","23912.01","Coffee substitutes","2021","2021","1000 US$","272","A","Official figure"
"TCL","Crops and livestock products","646","Rwanda","5622","Import Value","23911","Coffee, decaffeinated or roasted","2021","2021","1000 US$","22","A","Official figure"
"TCL","Crops and livestock products","646","Rwanda","5622","Import Value","01610","Coffee, green","2021","2021","1000 US$","636","A","Official figure"
"TCL","Crops and livestock products","646","Rwanda","5622","Import Value","23490.01","Communion wafers, empty cachets of a kind suitable for pharmaceutical use, sealing wafers, rice paper and similar products.","2021","2021","1000 US$","52","A","Official figure"
"TCL","Crops and livestock products","646","Rwanda","5622","Import Value","01921.02","Cotton lint, ginned","2021","2021","1000 US$","163","A","Official figure"
"TCL","Crops and livestock products","646","Rwanda","5622","Import Value","0143","Cotton seed","2021","2021","1000 US$","0","A","Official figure"
"TCL","Crops and livestock products","646","Rwanda","5622","Import Value","F0769","Cotton waste","2021","2021","1000 US$","12","A","Official figure"
"TCL","Crops and livestock products","646","Rwanda","5622","Import Value","26160","Cotton, carded or combed","2021","2021","1000 US$","2","A","Official figure"
"TCL","Crops and livestock products","646","Rwanda","5622","Import Value","2168","Cottonseed oil","2021","2021","1000 US$","2","A","Official figure"
"TCL","Crops and livestock products","646","Rwanda","5622","Import Value","01706","Cow peas, dry","2021","2021","1000 US$","0","A","Official figure"
"TCL","Crops and livestock products","646","Rwanda","5622","Import Value","F1293","Crude organic material n.e.c.","2021","2021","1000 US$","1936","A","Official figure"
"TCL","Crops and livestock products","646","Rwanda","5622","Import Value","22290","Dairy products n.e.c.","2021","2021","1000 US$","8","A","Official figure"
"TCL","Crops and livestock products","646","Rwanda","5622","Import Value","01314","Dates","2021","2021","1000 US$","17","A","Official figure"
"TCL","Crops and livestock products","646","Rwanda","5622","Import Value","23311","Dog or cat food, put up for retail sale","2021","2021","1000 US$","430","A","Official figure"
"TCL","Crops and livestock products","646","Rwanda","5622","Import Value","21393.01","Dried mushrooms","2021","2021","1000 US$","2","A","Official figure"
"TCL","Crops and livestock products","646","Rwanda","5622","Import Value","21160.02","Edible offals and liver of geese, fresh, chilled or frozen","2021","2021","1000 US$","0","A","Official figure"
"TCL","Crops and livestock products","646","Rwanda","5622","Import Value","01599.10","Edible roots and tubers with high starch or inulin content, n.e.c., fresh","2021","2021","1000 US$","3","A","Official figure"
"TCL","Crops and livestock products","646","Rwanda","5622","Import Value","0232","Eggs from other birds in shell, fresh, n.e.c.","2021","2021","1000 US$","171","A","Official figure"
"TCL","Crops and livestock products","646","Rwanda","5622","Import Value","23993.02","Eggs, liquid","2021","2021","1000 US$","1","A","Official figure"
"TCL","Crops and livestock products","646","Rwanda","5622","Import Value","35410.90","Essential oils n.e.c.","2021","2021","1000 US$","240","A","Official figure"
"TCL","Crops and livestock products","646","Rwanda","5622","Import Value","23914","Extracts, essences and concentrates of tea or mate, and preparations with a basis thereof or with a basis of tea or maté","2021","2021","1000 US$","69","A","Official figure"
"TCL","Crops and livestock products","646","Rwanda","5622","Import Value","21511.01","Fat of pigs","2021","2021","1000 US$","0","A","Official figure"
"TCL","Crops and livestock products","646","Rwanda","5622","Import Value","21511.03","Fat of poultry","2021","2021","1000 US$","0","A","Official figure"
"TCL","Crops and livestock products","646","Rwanda","5622","Import Value","F1243","Fat preparations n.e.c.","2021","2021","1000 US$","878","A","Official figure"
"TCL","Crops and livestock products","646","Rwanda","5622","Import Value","01315","Figs","2021","2021","1000 US$","1","A","Official figure"
"TCL","Crops and livestock products","646","Rwanda","5622","Import Value","23120.90","Flour of cereals n.e.c.","2021","2021","1000 US$","48","A","Official figure"
"TCL","Crops and livestock products","646","Rwanda","5622","Import Value","23170.04","Flour of fruits","2021","2021","1000 US$","5","A","Official figure"
"TCL","Crops and livestock products","646","Rwanda","5622","Import Value","23120.03","Flour of maize","2021","2021","1000 US$","196","A","Official figure"
"TCL","Crops and livestock products","646","Rwanda","5622","Import Value","23995.03","Flour of mustard seed","2021","2021","1000 US$","52","A","Official figure"
"TCL","Crops and livestock products","646","Rwanda","5622","Import Value","23170.03","Flour of pulses","2021","2021","1000 US$","4","A","Official figure"
"TCL","Crops and livestock products","646","Rwanda","5622","Import Value","23170.02","Flour of roots and tubers n.e.c.","2021","2021","1000 US$","57","A","Official figure"
"TCL","Crops and livestock products","646","Rwanda","5622","Import Value","21392","Flour, meal, powder, flakes, granules and pellets of potatoes","2021","2021","1000 US$","2","A","Official figure"
"TCL","Crops and livestock products","646","Rwanda","5622","Import Value","21920","Flours and meals of oil seeds or oleaginous fruits, except those of mustard","2021","2021","1000 US$","0","A","Official figure"
"TCL","Crops and livestock products","646","Rwanda","5622","Import Value","F1232","Food preparations n.e.c.","2021","2021","1000 US$","40865","A","Official figure"
"TCL","Crops and livestock products","646","Rwanda","5622","Import Value","23999.02","Food preparations of flour, meal or malt extract","2021","2021","1000 US$","555","A","Official figure"
"TCL","Crops and livestock products","646","Rwanda","5622","Import Value","39170.01","Food wastes","2021","2021","1000 US$","5036","A","Official figure"
"TCL","Crops and livestock products","646","Rwanda","5622","Import Value","F0623","Fruit prepared n.e.c.","2021","2021","1000 US$","490","A","Official figure"
"TCL","Crops and livestock products","646","Rwanda","5622","Import Value","23670.02","Fruit, nuts, peel, sugar preserved","2021","2021","1000 US$","22","A","Official figure"
"TCL","Crops and livestock products","646","Rwanda","5622","Import Value","23140.01","Germ of wheat","2021","2021","1000 US$","1","A","Official figure"
"TCL","Crops and livestock products","646","Rwanda","5622","Import Value","22241.02","Ghee from cow milk","2021","2021","1000 US$","5","A","Official figure"
"TCL","Crops and livestock products","646","Rwanda","5622","Import Value","01657","Ginger, raw","2021","2021","1000 US$","3860","A","Official figure"
"TCL","Crops and livestock products","646","Rwanda","5622","Import Value","23210.05","Glucose and dextrose","2021","2021","1000 US$","20","A","Official figure"
"TCL","Crops and livestock products","646","Rwanda","5622","Import Value","21434","Grape juice","2021","2021","1000 US$","38","A","Official figure"
"TCL","Crops and livestock products","646","Rwanda","5622","Import Value","21432.01","Grapefruit juice, concentrated","2021","2021","1000 US$","7","A","Official figure"
"TCL","Crops and livestock products","646","Rwanda","5622","Import Value","01330","Grapes","2021","2021","1000 US$","39","A","Official figure"
"TCL","Crops and livestock products","646","Rwanda","5622","Import Value","01252","Green garlic","2021","2021","1000 US$","134","A","Official figure"
"TCL","Crops and livestock products","646","Rwanda","5622","Import Value","2162","Groundnut oil","2021","2021","1000 US$","6","A","Official figure"
"TCL","Crops and livestock products","646","Rwanda","5622","Import Value","0142","Groundnuts, excluding shelled","2021","2021","1000 US$","6960","E","Estimated value"
"TCL","Crops and livestock products","646","Rwanda","5622","Import Value","21421","Groundnuts, shelled","2021","2021","1000 US$","13196","A","Official figure"
"TCL","Crops and livestock products","646","Rwanda","5622","Import Value","26150.01","Hair, carded/combed","2021","2021","1000 US$","3","A","Official figure"
"TCL","Crops and livestock products","646","Rwanda","5622","Import Value","01374","Hazelnuts, in shell","2021","2021","1000 US$","1","A","Official figure"
"TCL","Crops and livestock products","646","Rwanda","5622","Import Value","21423","Hazelnuts, shelled","2021","2021","1000 US$","0","A","Official figure"
"TCL","Crops and livestock products","646","Rwanda","5622","Import Value","0231","Hen eggs in shell, fresh","2021","2021","1000 US$","786","A","Official figure"
"TCL","Crops and livestock products","646","Rwanda","5622","Import Value","02951.05","Hides, cattle, dry salted","2021","2021","1000 US$","0","A","Official figure"
"TCL","Crops and livestock products","646","Rwanda","5622","Import Value","02951.04","Hides, wet-salted of cattle","2021","2021","1000 US$","7","A","Official figure"
"TCL","Crops and livestock products","646","Rwanda","5622","Import Value","23991.03","Homogenized cooked fruit, prepared","2021","2021","1000 US$","4","A","Official figure"
"TCL","Crops and livestock products","646","Rwanda","5622","Import Value","23991.04","Homogenized meat preparations","2021","2021","1000 US$","1","A","Official figure"
"TCL","Crops and livestock products","646","Rwanda","5622","Import Value","23991.02","Homogenized vegetable preparations","2021","2021","1000 US$","1","A","Official figure"
"TCL","Crops and livestock products","646","Rwanda","5622","Import Value","01659","Hop cones","2021","2021","1000 US$","109","A","Official figure"
"TCL","Crops and livestock products","646","Rwanda","5622","Import Value","02131","Horses","2021","2021","1000 US$","0","A","Official figure"
"TCL","Crops and livestock products","646","Rwanda","5622","Import Value","23162","Husked rice","2021","2021","1000 US$","6","A","Official figure"
"TCL","Crops and livestock products","646","Rwanda","5622","Import Value","F1275","hydrogenated oils and fats","2021","2021","1000 US$","19645","A","Official figure"
"TCL","Crops and livestock products","646","Rwanda","5622","Import Value","17400","Ice and snow","2021","2021","1000 US$","27","A","Official figure"
"TCL","Crops and livestock products","646","Rwanda","5622","Import Value","22270","Ice cream and other edible ice","2021","2021","1000 US$","168","A","Official figure"
"TCL","Crops and livestock products","646","Rwanda","5622","Import Value","34120","Industrial monocarboxylic fatty acids; acid oils from refining","2021","2021","1000 US$","640","A","Official figure"
"TCL","Crops and livestock products","646","Rwanda","5622","Import Value","23991.01","Infant food","2021","2021","1000 US$","2114","A","Official figure"
"TCL","Crops and livestock products","646","Rwanda","5622","Import Value","21439.04","Juice of citrus fruit n.e.c.","2021","2021","1000 US$","4","A","Official figure"
"TCL","Crops and livestock products","646","Rwanda","5622","Import Value","21439.90","Juice of fruits n.e.c.","2021","2021","1000 US$","3230","A","Official figure"
"TCL","Crops and livestock products","646","Rwanda","5622","Import Value","21433.01","Juice of pineapples, concentrated","2021","2021","1000 US$","8","A","Official figure"
"TCL","Crops and livestock products","646","Rwanda","5622","Import Value","01352","Kiwi fruit","2021","2021","1000 US$","3","A","Official figure"
"TCL","Crops and livestock products","646","Rwanda","5622","Import Value","23210.06","Lactose","2021","2021","1000 US$","1","A","Official figure"
"TCL","Crops and livestock products","646","Rwanda","5622","Import Value","01322","Lemons and limes","2021","2021","1000 US$","389","A","Official figure"
"TCL","Crops and livestock products","646","Rwanda","5622","Import Value","01704","Lentils, dry","2021","2021","1000 US$","17","A","Official figure"
"TCL","Crops and livestock products","646","Rwanda","5622","Import Value","01441","Linseed","2021","2021","1000 US$","1","A","Official figure"
"TCL","Crops and livestock products","646","Rwanda","5622","Import Value","21189.01","Liver preparations","2021","2021","1000 US$","1","A","Official figure"
"TCL","Crops and livestock products","646","Rwanda","5622","Import Value","0112","Maize (corn)","2021","2021","1000 US$","18331","A","Official figure"
"TCL","Crops and livestock products","646","Rwanda","5622","Import Value","24320","Malt, whether or not roasted","2021","2021","1000 US$","17514","A","Official figure"
"TCL","Crops and livestock products","646","Rwanda","5622","Import Value","21700.02","Margarine and shortening","2021","2021","1000 US$","2315","A","Official figure"
"TCL","Crops and livestock products","646","Rwanda","5622","Import Value","21190.01","Meat meal","2021","2021","1000 US$","122","A","Official figure"
"TCL","Crops and livestock products","646","Rwanda","5622","Import Value","21111.02","Meat of cattle boneless, fresh or chilled","2021","2021","1000 US$","21","A","Official figure"
"TCL","Crops and livestock products","646","Rwanda","5622","Import Value","21111.01","Meat of cattle with the bone, fresh or chilled","2021","2021","1000 US$","42","A","Official figure"
"TCL","Crops and livestock products","646","Rwanda","5622","Import Value","21121","Meat of chickens, fresh or chilled","2021","2021","1000 US$","1806","A","Official figure"
"TCL","Crops and livestock products","646","Rwanda","5622","Import Value","21122","Meat of ducks, fresh or chilled","2021","2021","1000 US$","1","A","Official figure"
"TCL","Crops and livestock products","646","Rwanda","5622","Import Value","21113.02","Meat of pig boneless, fresh or chilled","2021","2021","1000 US$","1","A","Official figure"
"TCL","Crops and livestock products","646","Rwanda","5622","Import Value","21113.01","Meat of pig with the bone, fresh or chilled","2021","2021","1000 US$","10","A","Official figure"
"TCL","Crops and livestock products","646","Rwanda","5622","Import Value","21115","Meat of sheep, fresh or chilled","2021","2021","1000 US$","18","A","Official figure"
"TCL","Crops and livestock products","646","Rwanda","5622","Import Value","21124","Meat of turkeys, fresh or chilled","2021","2021","1000 US$","4","A","Official figure"
"TCL","Crops and livestock products","646","Rwanda","5622","Import Value","F1172","Meat prepared n.e.c.","2021","2021","1000 US$","5","A","Official figure"
"TCL","Crops and livestock products","646","Rwanda","5622","Import Value","01449.01","Melonseed","2021","2021","1000 US$","2","A","Official figure"
"TCL","Crops and livestock products","646","Rwanda","5622","Import Value","0118","Millet","2021","2021","1000 US$","380","A","Official figure"
"TCL","Crops and livestock products","646","Rwanda","5622","Import Value","23180","Mixes and doughs for the preparation of bakers' wares","2021","2021","1000 US$","58","A","Official figure"
"TCL","Crops and livestock products","646","Rwanda","5622","Import Value","23540","Molasses","2021","2021","1000 US$","1","A","Official figure"
"TCL","Crops and livestock products","646","Rwanda","5622","Import Value","01270","Mushrooms and truffles","2021","2021","1000 US$","1","A","Official figure"
"TCL","Crops and livestock products","646","Rwanda","5622","Import Value","24212.01","Must of grape","2021","2021","1000 US$","51","A","Official figure"
"TCL","Crops and livestock products","646","Rwanda","5622","Import Value","01442","Mustard seed","2021","2021","1000 US$","1","A","Official figure"
"TCL","Crops and livestock products","646","Rwanda","5622","Import Value","02910","Natural honey","2021","2021","1000 US$","1089","A","Official figure"
"TCL","Crops and livestock products","646","Rwanda","5622","Import Value","01950.02","Natural rubber in other forms","2021","2021","1000 US$","2","A","Official figure"
"TCL","Crops and livestock products","646","Rwanda","5622","Import Value","01950.01","Natural rubber in primary forms","2021","2021","1000 US$","0","A","Official figure"
"TCL","Crops and livestock products","646","Rwanda","5622","Import Value","01653","Nutmeg, mace, cardamoms, raw","2021","2021","1000 US$","5","A","Official figure"
"TCL","Crops and livestock products","646","Rwanda","5622","Import Value","0117","Oats","2021","2021","1000 US$","2","A","Official figure"
"TCL","Crops and livestock products","646","Rwanda","5622","Import Value","23140.07","Oats, rolled","2021","2021","1000 US$","148","A","Official figure"
"TCL","Crops and livestock products","646","Rwanda","5622","Import Value","21691.04","Oil of castor beans","2021","2021","1000 US$","3","A","Official figure"
"TCL","Crops and livestock products","646","Rwanda","5622","Import Value","21691.12","Oil of linseed","2021","2021","1000 US$","211","A","Official figure"
"TCL","Crops and livestock products","646","Rwanda","5622","Import Value","21691.02","Oil of maize","2021","2021","1000 US$","19","A","Official figure"
"TCL","Crops and livestock products","646","Rwanda","5622","Import Value","21673","Oil of olive residues","2021","2021","1000 US$","201","A","Official figure"
"TCL","Crops and livestock products","646","Rwanda","5622","Import Value","21691.14","Oil of palm kernel","2021","2021","1000 US$","1004","A","Official figure"
"TCL","Crops and livestock products","646","Rwanda","5622","Import Value","21691.07","Oil of sesame seed","2021","2021","1000 US$","12","A","Official figure"
"TCL","Crops and livestock products","646","Rwanda","5622","Import Value","2167","Olive oil","2021","2021","1000 US$","590","A","Official figure"
"TCL","Crops and livestock products","646","Rwanda","5622","Import Value","01450","Olives","2021","2021","1000 US$","0","A","Official figure"
"TCL","Crops and livestock products","646","Rwanda","5622","Import Value","F0262","Olives preserved","2021","2021","1000 US$","42","A","Official figure"
"TCL","Crops and livestock products","646","Rwanda","5622","Import Value","01253.02","Onions and shallots, dry (excluding dehydrated)","2021","2021","1000 US$","1767","A","Official figure"
"TCL","Crops and livestock products","646","Rwanda","5622","Import Value","21431.01","Orange juice","2021","2021","1000 US$","255","A","Official figure"
"TCL","Crops and livestock products","646","Rwanda","5622","Import Value","21431.02","Orange juice, concentrated","2021","2021","1000 US$","3","A","Official figure"
"TCL","Crops and livestock products","646","Rwanda","5622","Import Value","01323","Oranges","2021","2021","1000 US$","3325","A","Official figure"
"TCL","Crops and livestock products","646","Rwanda","5622","Import Value","01241.90","Other beans, green","2021","2021","1000 US$","0","A","Official figure"
"TCL","Crops and livestock products","646","Rwanda","5622","Import Value","01355.90","Other berries and fruits of the genus vaccinium n.e.c.","2021","2021","1000 US$","0","A","Official figure"
"TCL","Crops and livestock products","646","Rwanda","5622","Import Value","01329","Other citrus fruit, n.e.c.","2021","2021","1000 US$","7","A","Official figure"
"TCL","Crops and livestock products","646","Rwanda","5622","Import Value","01929.90","Other fibre crops, raw, n.e.c.","2021","2021","1000 US$","8","A","Official figure"
"TCL","Crops and livestock products","646","Rwanda","5622","Import Value","01919.96","Other forage products, n.e.c.","2021","2021","1000 US$","5","A","Official figure"
"TCL","Crops and livestock products","646","Rwanda","5622","Import Value","23210.03","Other fructose and syrup","2021","2021","1000 US$","1","A","Official figure"
"TCL","Crops and livestock products","646","Rwanda","5622","Import Value","21419.99","Other fruit n.e.c., dried","2021","2021","1000 US$","8","A","Official figure"
"TCL","Crops and livestock products","646","Rwanda","5622","Import Value","01359.90","Other fruits, n.e.c.","2021","2021","1000 US$","19","A","Official figure"
"TCL","Crops and livestock products","646","Rwanda","5622","Import Value","02199.20","Other live animals, n.e.c.","2021","2021","1000 US$","127","A","Official figure"
"TCL","Crops and livestock products","646","Rwanda","5622","Import Value","25090","Other manufactured tobacco and manufactured tobacco substitutes; "homogenized" or "reconstituted" tobacco; tobacco extracts and essences","2021","2021","1000 US$","308","A","Official figure"
"TCL","Crops and livestock products","646","Rwanda","5622","Import Value","21170.92","Other meat n.e.c. (excluding mammals), fresh, chilled or frozen","2021","2021","1000 US$","0","A","Official figure"
"TCL","Crops and livestock products","646","Rwanda","5622","Import Value","24490","Other non-alcoholic caloric beverages","2021","2021","1000 US$","8990","E","Estimated value"
"TCL","Crops and livestock products","646","Rwanda","5622","Import Value","01379.90","Other nuts (excluding wild edible nuts and groundnuts), in shell, n.e.c.","2021","2021","1000 US$","12","A","Official figure"
"TCL","Crops and livestock products","646","Rwanda","5622","Import Value","21691.90","Other oil of vegetable origin, crude n.e.c.","2021","2021","1000 US$","1474","A","Official figure"
"TCL","Crops and livestock products","646","Rwanda","5622","Import Value","01449.90","Other oil seeds, n.e.c.","2021","2021","1000 US$","1","A","Official figure"
"TCL","Crops and livestock products","646","Rwanda","5622","Import Value","01709.90","Other pulses n.e.c.","2021","2021","1000 US$","20","A","Official figure"
"TCL","Crops and livestock products","646","Rwanda","5622","Import Value","01699","Other stimulant, spice and aromatic crops, n.e.c.","2021","2021","1000 US$","1191","A","Official figure"
"TCL","Crops and livestock products","646","Rwanda","5622","Import Value","01319","Other tropical fruits, n.e.c.","2021","2021","1000 US$","2554","A","Official figure"
"TCL","Crops and livestock products","646","Rwanda","5622","Import Value","21330.90","Other vegetables provisionally preserved","2021","2021","1000 US$","2","A","Official figure"
"TCL","Crops and livestock products","646","Rwanda","5622","Import Value","01290.90","Other vegetables, fresh n.e.c.","2021","2021","1000 US$","1","A","Official figure"
"TCL","Crops and livestock products","646","Rwanda","5622","Import Value","2165","Palm oil","2021","2021","1000 US$","135433","A","Official figure"
"TCL","Crops and livestock products","646","Rwanda","5622","Import Value","21399.01","Paste of tomatoes","2021","2021","1000 US$","290","A","Official figure"
"TCL","Crops and livestock products","646","Rwanda","5622","Import Value","F0022","Pastry","2021","2021","1000 US$","6894","A","Official figure"
"TCL","Crops and livestock products","646","Rwanda","5622","Import Value","01342.01","Pears","2021","2021","1000 US$","0","A","Official figure"
"TCL","Crops and livestock products","646","Rwanda","5622","Import Value","01705","Peas, dry","2021","2021","1000 US$","7","A","Official figure"
"TCL","Crops and livestock products","646","Rwanda","5622","Import Value","01242","Peas, green","2021","2021","1000 US$","0","A","Official figure"
"TCL","Crops and livestock products","646","Rwanda","5622","Import Value","01651","Pepper (Piper spp.), raw","2021","2021","1000 US$","118","A","Official figure"
"TCL","Crops and livestock products","646","Rwanda","5622","Import Value","01359.01","Persimmons","2021","2021","1000 US$","0","A","Official figure"
"TCL","Crops and livestock products","646","Rwanda","5622","Import Value","F1042","Pig meat preparations","2021","2021","1000 US$","66","A","Official figure"
"TCL","Crops and livestock products","646","Rwanda","5622","Import Value","21181","Pig meat, cuts, salted, dried or smoked (bacon and ham)","2021","2021","1000 US$","90","A","Official figure"
"TCL","Crops and livestock products","646","Rwanda","5622","Import Value","01707","Pigeon peas, dry","2021","2021","1000 US$","3","A","Official figure"
"TCL","Crops and livestock products","646","Rwanda","5622","Import Value","21433","Pineapple juice","2021","2021","1000 US$","1","A","Official figure"
"TCL","Crops and livestock products","646","Rwanda","5622","Import Value","01318","Pineapples","2021","2021","1000 US$","0","A","Official figure"
"TCL","Crops and livestock products","646","Rwanda","5622","Import Value","21491","Pineapples, otherwise prepared or preserved","2021","2021","1000 US$","0","A","Official figure"
"TCL","Crops and livestock products","646","Rwanda","5622","Import Value","01375","Pistachios, in shell","2021","2021","1000 US$","2","A","Official figure"
"TCL","Crops and livestock products","646","Rwanda","5622","Import Value","01313","Plantains and cooking bananas","2021","2021","1000 US$","6","A","Official figure"
"TCL","Crops and livestock products","646","Rwanda","5622","Import Value","01346","Plums and sloes","2021","2021","1000 US$","0","A","Official figure"
"TCL","Crops and livestock products","646","Rwanda","5622","Import Value","21412","Plums, dried","2021","2021","1000 US$","2","A","Official figure"
"TCL","Crops and livestock products","646","Rwanda","5622","Import Value","01321","Pomelos and grapefruits","2021","2021","1000 US$","10","A","Official figure"
"TCL","Crops and livestock products","646","Rwanda","5622","Import Value","01448","Poppy seed","2021","2021","1000 US$","1","A","Official figure"
"TCL","Crops and livestock products","646","Rwanda","5622","Import Value","01510","Potatoes","2021","2021","1000 US$","107","A","Official figure"
"TCL","Crops and livestock products","646","Rwanda","5622","Import Value","21313","Potatoes, frozen","2021","2021","1000 US$","47","A","Official figure"
"TCL","Crops and livestock products","646","Rwanda","5622","Import Value","F1061","Poultry meat preparations","2021","2021","1000 US$","226","A","Official figure"
"TCL","Crops and livestock products","646","Rwanda","5622","Import Value","21495.01","Prepared groundnuts","2021","2021","1000 US$","55","A","Official figure"
"TCL","Crops and livestock products","646","Rwanda","5622","Import Value","F0235","Prepared nuts","2021","2021","1000 US$","41","A","Official figure"
"TCL","Crops and livestock products","646","Rwanda","5622","Import Value","22251.04","Processed cheese","2021","2021","1000 US$","62","A","Official figure"
"TCL","Crops and livestock products","646","Rwanda","5622","Import Value","01235","Pumpkins, squash and gourds","2021","2021","1000 US$","16","A","Official figure"
"TCL","Crops and livestock products","646","Rwanda","5622","Import Value","01194","Quinoa","2021","2021","1000 US$","3","A","Official figure"
"TCL","Crops and livestock products","646","Rwanda","5622","Import Value","21411","Raisins","2021","2021","1000 US$","30","A","Official figure"
"TCL","Crops and livestock products","646","Rwanda","5622","Import Value","01443","Rape or colza seed","2021","2021","1000 US$","2","A","Official figure"
"TCL","Crops and livestock products","646","Rwanda","5622","Import Value","21641.01","Rapeseed or canola oil, crude","2021","2021","1000 US$","21","A","Official figure"
"TCL","Crops and livestock products","646","Rwanda","5622","Import Value","2351f","Raw cane or beet sugar (centrifugal only)","2021","2021","1000 US$","8605","A","Official figure"
"TCL","Crops and livestock products","646","Rwanda","5622","Import Value","02953.01","Raw hides and skins of sheep or lambs, with wool","2021","2021","1000 US$","0","A","Official figure"
"TCL","Crops and livestock products","646","Rwanda","5622","Import Value","02211","Raw milk of cattle","2021","2021","1000 US$","15","A","Official figure"
"TCL","Crops and livestock products","646","Rwanda","5622","Import Value","23530","Refined cane or beet sugar, in solid form, containing added flavouring or colouring matter; maple sugar and maple syrup","2021","2021","1000 US$","8","A","Official figure"
"TCL","Crops and livestock products","646","Rwanda","5622","Import Value","23520","Refined sugar","2021","2021","1000 US$","98327","A","Official figure"
"TCL","Crops and livestock products","646","Rwanda","5622","Import Value","0113","Rice","2021","2021","1000 US$","1","A","Official figure"
"TCL","Crops and livestock products","646","Rwanda","5622","Import Value","23161.03","Rice, broken","2021","2021","1000 US$","4953","A","Official figure"
"TCL","Crops and livestock products","646","Rwanda","5622","Import Value","23161.02","Rice, milled","2021","2021","1000 US$","83873","A","Official figure"
"TCL","Crops and livestock products","646","Rwanda","5622","Import Value","F0030","Rice, paddy (rice milled equivalent)","2021","2021","1000 US$","88833","A","Official figure"
"TCL","Crops and livestock products","646","Rwanda","5622","Import Value","21184.02","Sausages and similar products of meat, offal or blood of pig","2021","2021","1000 US$","224","A","Official figure"
"TCL","Crops and livestock products","646","Rwanda","5622","Import Value","01444","Sesame seed","2021","2021","1000 US$","13","A","Official figure"
"TCL","Crops and livestock products","646","Rwanda","5622","Import Value","22212","Skim milk and whey powder","2021","2021","1000 US$","785","A","Official figure"
"TCL","Crops and livestock products","646","Rwanda","5622","Import Value","22110.02","Skim milk of cows","2021","2021","1000 US$","7","A","Official figure"
"TCL","Crops and livestock products","646","Rwanda","5622","Import Value","02953.04","Skins, dry-salted of sheep","2021","2021","1000 US$","1","A","Official figure"
"TCL","Crops and livestock products","646","Rwanda","5622","Import Value","0114","Sorghum","2021","2021","1000 US$","5765","A","Official figure"
"TCL","Crops and livestock products","646","Rwanda","5622","Import Value","01344.01","Sour cherries","2021","2021","1000 US$","2","A","Official figure"
"TCL","Crops and livestock products","646","Rwanda","5622","Import Value","2161","Soya bean oil","2021","2021","1000 US$","4161","A","Official figure"
"TCL","Crops and livestock products","646","Rwanda","5622","Import Value","0141","Soya beans","2021","2021","1000 US$","9439","A","Official figure"
"TCL","Crops and livestock products","646","Rwanda","5622","Import Value","23995.01","Soya sauce","2021","2021","1000 US$","104","A","Official figure"
"TCL","Crops and livestock products","646","Rwanda","5622","Import Value","23220.06","Starch of cassava","2021","2021","1000 US$","0","A","Official figure"
"TCL","Crops and livestock products","646","Rwanda","5622","Import Value","01354","Strawberries","2021","2021","1000 US$","0","A","Official figure"
"TCL","Crops and livestock products","646","Rwanda","5622","Import Value","23210.04","Sugar and syrups n.e.c.","2021","2021","1000 US$","138","A","Official figure"
"TCL","Crops and livestock products","646","Rwanda","5622","Import Value","01802","Sugar cane","2021","2021","1000 US$","0","A","Official figure"
"TCL","Crops and livestock products","646","Rwanda","5622","Import Value","23670.01","Sugar confectionery","2021","2021","1000 US$","12843","A","Official figure"
"TCL","Crops and livestock products","646","Rwanda","5622","Import Value","01445","Sunflower seed","2021","2021","1000 US$","28","A","Official figure"
"TCL","Crops and livestock products","646","Rwanda","5622","Import Value","21631.01","Sunflower-seed oil, crude","2021","2021","1000 US$","14618","A","Official figure"
"TCL","Crops and livestock products","646","Rwanda","5622","Import Value","21319.01","Sweet corn, frozen","2021","2021","1000 US$","6","A","Official figure"
"TCL","Crops and livestock products","646","Rwanda","5622","Import Value","21399.03","Sweet corn, prepared or preserved","2021","2021","1000 US$","56","A","Official figure"
"TCL","Crops and livestock products","646","Rwanda","5622","Import Value","01530","Sweet potatoes","2021","2021","1000 US$","15","A","Official figure"
"TCL","Crops and livestock products","646","Rwanda","5622","Import Value","02140","Swine / pigs","2021","2021","1000 US$","30","A","Official figure"
"TCL","Crops and livestock products","646","Rwanda","5622","Import Value","01620","Tea leaves","2021","2021","1000 US$","221","A","Official figure"
"TCL","Crops and livestock products","646","Rwanda","5622","Import Value","21321","Tomato juice","2021","2021","1000 US$","2","A","Official figure"
"TCL","Crops and livestock products","646","Rwanda","5622","Import Value","01234","Tomatoes","2021","2021","1000 US$","2","A","Official figure"
"TCL","Crops and livestock products","646","Rwanda","5622","Import Value","21399.02","Tomatoes, peeled (o/t vinegar)","2021","2021","1000 US$","13","A","Official figure"
"TCL","Crops and livestock products","646","Rwanda","5622","Import Value","01929.02","True hemp, raw or retted","2021","2021","1000 US$","0","A","Official figure"
"TCL","Crops and livestock products","646","Rwanda","5622","Import Value","23710","Uncooked pasta, not stuffed or otherwise prepared","2021","2021","1000 US$","11594","A","Official figure"
"TCL","Crops and livestock products","646","Rwanda","5622","Import Value","2413","Undenatured ethyl alcohol of an alcoholic strength by volume of less than 80% vol; spirits, liqueurs and other spirituous beverages","2021","2021","1000 US$","11269","A","Official figure"
"TCL","Crops and livestock products","646","Rwanda","5622","Import Value","01970","Unmanufactured tobacco","2021","2021","1000 US$","1677","A","Official figure"
"TCL","Crops and livestock products","646","Rwanda","5622","Import Value","01658","Vanilla, raw","2021","2021","1000 US$","5","A","Official figure"
"TCL","Crops and livestock products","646","Rwanda","5622","Import Value","01990.01","Vegetable products, fresh or dry n.e.c.","2021","2021","1000 US$","0","A","Official figure"
"TCL","Crops and livestock products","646","Rwanda","5622","Import Value","21931","Vegetable waxes (other than triglycerides), whether or not refined or coloured","2021","2021","1000 US$","3","A","Official figure"
"TCL","Crops and livestock products","646","Rwanda","5622","Import Value","F0473","Vegetables frozen","2021","2021","1000 US$","3","A","Official figure"
"TCL","Crops and livestock products","646","Rwanda","5622","Import Value","F0475","Vegetables preserved (frozen)","2021","2021","1000 US$","13","A","Official figure"
"TCL","Crops and livestock products","646","Rwanda","5622","Import Value","F0472","Vegetables preserved nes (o/t vinegar)","2021","2021","1000 US$","513","A","Official figure"
"TCL","Crops and livestock products","646","Rwanda","5622","Import Value","21393.90","Vegetables, dehydrated","2021","2021","1000 US$","10","A","Official figure"
"TCL","Crops and livestock products","646","Rwanda","5622","Import Value","21340","Vegetables, pulses and potatoes, preserved by vinegar or acetic acid","2021","2021","1000 US$","28","A","Official figure"
"TCL","Crops and livestock products","646","Rwanda","5622","Import Value","24220","Vermouth and other wine of fresh grapes flavoured with plats or aromatic substances","2021","2021","1000 US$","167","A","Official figure"
"TCL","Crops and livestock products","646","Rwanda","5622","Import Value","01376","Walnuts, in shell","2021","2021","1000 US$","0","A","Official figure"
"TCL","Crops and livestock products","646","Rwanda","5622","Import Value","21429.02","Walnuts, shelled","2021","2021","1000 US$","3","A","Official figure"
"TCL","Crops and livestock products","646","Rwanda","5622","Import Value","01221","Watermelons","2021","2021","1000 US$","1266","A","Official figure"
"TCL","Crops and livestock products","646","Rwanda","5622","Import Value","0111","Wheat","2021","2021","1000 US$","60921","A","Official figure"
"TCL","Crops and livestock products","646","Rwanda","5622","Import Value","23110","Wheat and meslin flour","2021","2021","1000 US$","10977","A","Official figure"
"TCL","Crops and livestock products","646","Rwanda","5622","Import Value","22211","Whole milk powder","2021","2021","1000 US$","12371","A","Official figure"
"TCL","Crops and livestock products","646","Rwanda","5622","Import Value","22222.01","Whole milk, condensed","2021","2021","1000 US$","40","A","Official figure"
"TCL","Crops and livestock products","646","Rwanda","5622","Import Value","24212.02","Wine","2021","2021","1000 US$","4516","A","Official figure"
"TCL","Crops and livestock products","646","Rwanda","5622","Import Value","F0994","Wool grease and lanolin","2021","2021","1000 US$","75","A","Official figure"
"TCL","Crops and livestock products","646","Rwanda","5622","Import Value","22230.02","Yoghurt, with additives","2021","2021","1000 US$","69","A","Official figure"
